samplename,lat,lon,year,month,date
20171218T0103-KUM-Otomi-Surface,35.54166667,135.5625,2017,12,2017-12-18
20171218T0240-KUM-Otomi-Bottom,35.54166667,135.5625,2017,12,2017-12-18
20180123T0030-KUM-Otomi-Surface,35.54166667,135.5625,2018,1,2018-01-23
20180123T0135-KUM-Otomi-Bottom,35.54166667,135.5625,2018,1,2018-01-23
20180314T0045-KUM-Otomi-Surface,35.54166667,135.5625,2018,3,2018-03-14
20180314T0200-KUM-Otomi-Bottom,35.54166667,135.5625,2018,3,2018-03-14
20180427T0040-KUM-Otomi-Surface,35.54166667,135.5625,2018,4,2018-04-27
20180427T0205-KUM-Otomi-Bottom,35.54166667,135.5625,2018,4,2018-04-27
20180902T0105-KUM-Otomi-Surface,35.54166667,135.5625,2018,9,2018-09-02
20180902T0220-KUM-Otomi-Bottom,35.54166667,135.5625,2018,9,2018-09-02
20190204T0115-KUM-Nagahama,35.45833333,135.3125,2019,2,2019-02-04
20190207T0100-KUM-Nagahama,35.45833333,135.3125,2019,2,2019-02-07
20190215T0013-HUF-Nanaehama,41.79166667,140.6875,2019,2,2019-02-15
20190215T0455-HUF-MutsuSekine,41.375,141.1875,2019,2,2019-02-15
20190301T0020-HUF-Nanaehama,41.79166667,140.6875,2019,3,2019-03-01
20190315T0025-HUF-Nanaehama,41.79166667,140.6875,2019,3,2019-03-15
20190315T0155-HUF-MutsuSekine,41.375,141.1875,2019,3,2019-03-15
20190322T0048-HUF-Nanaehama,41.79166667,140.6875,2019,3,2019-03-22
20190329T0036-HUF-Nanaehama,41.79166667,140.6875,2019,3,2019-03-29
20190406T0130-KUM-Nagahama,35.45833333,135.3125,2019,4,2019-04-06
20190411T0410-HUF-MutsuSekine,41.375,141.1875,2019,4,2019-04-11
20190417T0115-KUM-Nagahama,35.45833333,135.3125,2019,4,2019-04-17
20190422T0112-HUF-Nanaehama,41.79166667,140.6875,2019,4,2019-04-22
20190423T0120-KUM-Nagahama,35.45833333,135.3125,2019,4,2019-04-23
20190515T0140-KUM-Nagahama,35.45833333,135.3125,2019,5,2019-05-15
20190515T0415-HUF-MutsuSekine,41.375,141.1875,2019,5,2019-05-15
20190520T0047-HUF-Nanaehama,41.79166667,140.6875,2019,5,2019-05-20
20190521T0140-KUM-Nagahama,35.45833333,135.3125,2019,5,2019-05-21
20190528T0140-KUM-Nagahama,35.45833333,135.3125,2019,5,2019-05-28
20190618T0440-HUF-MutsuSekine,41.375,141.1875,2019,6,2019-06-18
20190624T0212-HUF-Nanaehama,41.79166667,140.6875,2019,6,2019-06-24
20190625T0120-KUM-Nagahama,35.45833333,135.3125,2019,6,2019-06-25
20190705T0140-KUM-Nagahama,35.45833333,135.3125,2019,7,2019-07-05
20190716T0110-KUM-Nagahama,35.45833333,135.3125,2019,7,2019-07-16
20190717T0445-HUF-MutsuSekine,41.375,141.1875,2019,7,2019-07-17
20190722T0100-HUF-Nanaehama,41.79166667,140.6875,2019,7,2019-07-22
20190722T0110-KUM-Nagahama,35.45833333,135.3125,2019,7,2019-07-22
20190730T0110-KUM-Nagahama,35.45833333,135.3125,2019,7,2019-07-30
20190808T0110-KUM-Nagahama,35.45833333,135.3125,2019,8,2019-08-08
20190816T0110-KUM-Nagahama,35.45833333,135.3125,2019,8,2019-08-16
20190820T0015-HUF-Nanaehama,41.79166667,140.6875,2019,8,2019-08-20
20190821T0130-KUM-Nagahama,35.45833333,135.3125,2019,8,2019-08-21
20190907T0115-KUM-Nagahama,35.45833333,135.3125,2019,9,2019-09-07
20190918T0420-HUF-MutsuSekine,41.375,141.1875,2019,9,2019-09-18
20190922T0500-HUF-Nanaehama,41.79166667,140.6875,2019,9,2019-09-22
20191009T0100-KUM-Otomi-Surface,35.54166667,135.5625,2019,10,2019-10-09
20191009T0150-KUM-Otomi-Bottom,35.54166667,135.5625,2019,10,2019-10-09
20191010T0100-KUM-Otomi-Surface,35.54166667,135.5625,2019,10,2019-10-10
20191010T0200-KUM-Otomi-Bottom,35.54166667,135.5625,2019,10,2019-10-10
20191018T0430-HUF-MutsuSekine,41.375,141.1875,2019,10,2019-10-18
20191021T2310-HUF-Nanaehama,41.79166667,140.6875,2019,10,2019-10-22
20191104T0115-KUM-Nagahama,35.45833333,135.3125,2019,11,2019-11-04
20191106T0130-KUM-Nagahama,35.45833333,135.3125,2019,11,2019-11-06
20191122T0140-HUF-MutsuSekine,41.375,141.1875,2019,11,2019-11-22
20191122T0400-HUF-Nanaehama,41.79166667,140.6875,2019,11,2019-11-22
20190222T0010-HUF-Nanaehama,41.79166667,140.6875,2019,2,2019-02-22
20190308T0015-HUF-Nanaehama,41.79166667,140.6875,2019,3,2019-03-08
20190819T0430-HUF-MutsuSekine,41.375,141.1875,2019,8,2019-08-19
20190110T0110-KUM-Nagahama,35.45833333,135.3125,2019,1,2019-01-10
20190309T0120-KUM-Nagahama,35.45833333,135.3125,2019,3,2019-03-09
20190426T0120-KUM-Otomi-Surface,35.54166667,135.5625,2019,4,2019-04-26
20190426T0230-KUM-Otomi-Bottom,35.54166667,135.5625,2019,4,2019-04-26
20190522T0050-KUM-Otomi-Surface,35.54166667,135.5625,2019,5,2019-05-22
20190522T0200-KUM-Otomi-Bottom,35.54166667,135.5625,2019,5,2019-05-22
20190608T0100-KUM-Otomi-Surface,35.54166667,135.5625,2019,6,2019-06-08
20190608T0200-KUM-Otomi-Bottom,35.54166667,135.5625,2019,6,2019-06-08
20190614T0100-KUM-Otomi-Surface,35.54166667,135.5625,2019,6,2019-06-14
20190614T0240-KUM-Otomi-Bottom,35.54166667,135.5625,2019,6,2019-06-14
20190810T0120-KUM-Nagahama,35.45833333,135.3125,2019,8,2019-08-10
20190909T0110-KUM-Nagahama,35.45833333,135.3125,2019,9,2019-09-09
20190917T0110-KUM-Nagahama,35.45833333,135.3125,2019,9,2019-09-17
20190924T0050-KUM-Nagahama,35.45833333,135.3125,2019,9,2019-09-24
20191007T0050-KUM-Otomi-Surface,35.54166667,135.5625,2019,10,2019-10-07
20191007T0200-KUM-Otomi-Bottom,35.54166667,135.5625,2019,10,2019-10-07
20191015T0110-KUM-Nagahama,35.45833333,135.3125,2019,10,2019-10-15
20191021T0120-KUM-Nagahama,35.45833333,135.3125,2019,10,2019-10-21
20191028T0120-KUM-Nagahama,35.45833333,135.3125,2019,10,2019-10-28
20190314T0500-HUF-Amaharashi,36.79166667,137.0625,2019,3,2019-03-14
20200614T0206-EWJ-2020-YamashitaPark,35.45833333,139.6875,2020,6,2020-06-14
20200731T0415-HUF-Nanaehama,41.79166667,140.6875,2020,7,2020-07-31
20200817T0510-HUF-MutsuSekine,41.375,141.1875,2020,8,2020-08-17
20200909T0155-HUF-Osukakaigan,40.54166667,141.5625,2020,9,2020-09-09
20200923T0110-HUF-Rankoshi,42.875,140.3125,2020,9,2020-09-23
20200928T2350-MNC-St5-Surface,38.625,141.5625,2020,9,2020-09-29
20200929T0010-MNC-St5-Bottom,38.625,141.5625,2020,9,2020-09-29
20200929T0035-MNC-St4-Surface,38.625,141.4375,2020,9,2020-09-29
20200929T0050-MNC-St4-Bottom,38.625,141.4375,2020,9,2020-09-29
20200929T0100-MNC-St3-Surface,38.625,141.4375,2020,9,2020-09-29
20200929T0120-MNC-St3-Bottom,38.625,141.4375,2020,9,2020-09-29
20200929T0140-MNC-St2-Surface,38.625,141.4375,2020,9,2020-09-29
20200929T0155-MNC-St2-Bottom,38.625,141.4375,2020,9,2020-09-29
20201003T0103-EWJ-2020-MarbleBeach,34.375,135.3125,2020,10,2020-10-03
20201003T0408-EWJ-2020-Tateishimisaki,35.79166667,136.0625,2020,10,2020-10-03
20201003T0638-EWJ-2020-Okudakaigan,34.79166667,136.8125,2020,10,2020-10-03
20201003T0707-EWJ-2020-NakagusukuBay,26.20833333,127.8125,2020,10,2020-10-03
20201003T0845-EWJ-2020-KasaiRinkaiPark,35.625,139.8125,2020,10,2020-10-03
20201004T0022-EWJ-2020-Chichijima,27.125,142.1875,2020,10,2020-10-04
20201004T0100-EWJ-2020-Yakengahama,33.125,139.8125,2020,10,2020-10-04
20201004T0130-EWJ-2020-Okinoerabujima,27.375,128.5625,2020,10,2020-10-04
20201004T0605-EWJ-2020-Shodoshima,34.45833333,134.3125,2020,10,2020-10-04
20201007T0500-EWJ-2020-Futtsumisaki,35.29166667,139.8125,2020,10,2020-10-07
20201014T0530-EWJ-2020-Miyukinohama,35.20833333,139.1875,2020,10,2020-10-14
20201015T0050-KUM-Otomi-Surface,35.54166667,135.5625,2020,10,2020-10-15
20201015T0155-KUM-Otomi-Bottom,35.54166667,135.5625,2020,10,2020-10-15
20201015T0528-EWJ-2020-Shioyakaigan,33.79166667,132.6875,2020,10,2020-10-15
20201016T0220-EWJ-2020-AjiroOnsenBeach,35.04166667,139.0625,2020,10,2020-10-16
20201016T0410-EWJ-2020-KamogawaEstuary,33.54166667,130.0625,2020,10,2020-10-16
20201016T2300-EWJ-2020-Togaihama,34.625,138.8125,2020,10,2020-10-17
20201017T0010-EWJ-2020-ManzaDreamHole,26.54166667,127.8125,2020,10,2020-10-17
20201017T0552-EWJ-2020-MatobanishiBeach,34.29166667,132.9375,2020,10,2020-10-17
20201017T2330-EWJ-2020-Kannonzaki,35.29166667,139.6875,2020,10,2020-10-18
20201018T0045-EWJ-2020-Araihama,35.125,139.5625,2020,10,2020-10-18
20201018T0130-EWJ-2020-Akashikaigan,35.95833333,140.6875,2020,10,2020-10-18
20201018T0247-EWJ-2020-ShikinejimaPort,34.29166667,139.1875,2020,10,2020-10-18
20201018T0630-EWJ-2020-AmagasakiCityUotsuriKoen,34.70833333,135.3125,2020,10,2020-10-18
20201020T0110-KUM-Nagahama-Surface,35.45833333,135.3125,2020,10,2020-10-20
20201020T0407-EWJ-2020-TerabeBeach,34.79166667,137.1875,2020,10,2020-10-20
20201020T0500-EWJ-2020-Matsugaiso,33.625,134.4375,2020,10,2020-10-20
20201021T0106-EWJ-2020-Sodegaura,35.45833333,139.9375,2020,10,2020-10-21
20201021T0240-KUM-Echizenmisaki,35.95833333,135.9375,2020,10,2020-10-21
20201024T0032-EWJ-2020-Tanezaki,33.54166667,133.5625,2020,10,2020-10-24
20201024T0130-EWJ-2020-Nagamatsukaigan,34.29166667,135.1875,2020,10,2020-10-24
20201024T0230-EWJ-2020-Motoyamamisaki,33.95833333,131.1875,2020,10,2020-10-24
20201024T0250-EWJ-2020-Mihonomatsubara,34.95833333,138.5625,2020,10,2020-10-24
20201024T0400-EWJ-2020-BedamaBeach,33.95833333,132.1875,2020,10,2020-10-24
20201024T0445-EWJ-2020-Toikaigan,34.875,138.8125,2020,10,2020-10-24
20201025T0000-EWJ-2020-Inagenohama,35.625,140.0625,2020,10,2020-10-25
20201025T0030-EWJ-2020-Hiraisokaigan,36.375,140.5625,2020,10,2020-10-25
20201025T0035-EWJ-2020-IsogoPort,35.375,139.5625,2020,10,2020-10-25
20201025T0235-EWJ-2020-Kugunarihama,38.29166667,141.4375,2020,10,2020-10-25
20201025T0300-EWJ-2020-AzurMaiko,34.625,135.0625,2020,10,2020-10-25
20201025T0400-EWJ-2020-Ichinomiyakaigan,35.375,140.4375,2020,10,2020-10-25
20201025T0515-EWJ-2020-UsuisoBeach,37.04166667,140.9375,2020,10,2020-10-25
20201026T0215-KUM-Nagamaha-Bottom,35.45833333,135.3125,2020,10,2020-10-26
20201026T0512-EWJ-2020-HahajimaEastPort,26.70833333,142.1875,2020,10,2020-10-26
20201027T0021-HUF-UchiuraBay-Bottom,42.29166667,140.5625,2020,10,2020-10-27
20201027T0021-HUF-UchiuraBay-Intermediate,42.29166667,140.5625,2020,10,2020-10-27
20201027T0021-HUF-UchiuraBay-Surface,42.29166667,140.5625,2020,10,2020-10-27
20201027T0021-HUF-UchiuraBay-VanDorn-Bottom,42.29166667,140.5625,2020,10,2020-10-27
20201027T0110-KUM-Kanmurijima-Ohguri,35.70833333,135.4375,2020,10,2020-10-27
20201027T0245-KUM-Kanmurijima-Miyamae,35.375,135.3125,2020,10,2020-10-27
20201027T0318-EWJ-2020-KataseEnoshima,35.29166667,139.4375,2020,10,2020-10-27
20200430T0126-KNG-SagamigawaKushikawa,35.625,139.3125,2020,4,2020-04-30
20200507T0045-KNG-SagamigawaKushikawa,35.625,139.3125,2020,5,2020-05-07
20200512T0016-KNG-SagamigawaKushikawa,35.625,139.3125,2020,5,2020-05-12
20200520T0044-KNG-SagamigawaKushikawa,35.625,139.3125,2020,5,2020-05-20
20200528T0103-KNG-SagamigawaKushikawa,35.625,139.3125,2020,5,2020-05-28
20200603T0045-KNG-SagamigawaKushikawa,35.625,139.3125,2020,6,2020-06-03
20200610T0047-KNG-SagamigawaKushikawa,35.625,139.3125,2020,6,2020-06-10
20200617T0052-KNG-SagamigawaKushikawa,35.625,139.3125,2020,6,2020-06-17
20200624T0050-KNG-SagamigawaKushikawa,35.625,139.3125,2020,6,2020-06-24
20200715T0059-KNG-SagamigawaKushikawa,35.625,139.3125,2020,7,2020-07-15
20200722T0122-KNG-SagamigawaKushikawa,35.625,139.3125,2020,7,2020-07-22
20200729T0124-KNG-SagamigawaKushikawa,35.625,139.3125,2020,7,2020-07-29
20200805T0105-KNG-SagamigawaKushikawa,35.625,139.3125,2020,8,2020-08-05
20200812T0200-KNG-SagamigawaKushikawa,35.625,139.3125,2020,8,2020-08-12
20200819T0058-KNG-SagamigawaKushikawa,35.625,139.3125,2020,8,2020-08-19
20200826T0038-KNG-SagamigawaKushikawa,35.625,139.3125,2020,8,2020-08-26
20200901T0017-KNG-2020-SagamigawaSt6,35.29166667,139.3125,2020,9,2020-09-01
20200901T0055-KNG-2020-SagamigawaSt33,35.29166667,139.4375,2020,9,2020-09-01
20200901T0129-KNG-2020-SagamigawaSt35,35.375,139.4375,2020,9,2020-09-01
20200901T0147-KNG-2020-SagamigawaSt32,35.375,139.4375,2020,9,2020-09-01
20200901T0219-KNG-2020-SagamigawaSt30,35.375,139.3125,2020,9,2020-09-01
20200901T0240-KNG-2020-SagamigawaSt5,35.375,139.3125,2020,9,2020-09-01
20200901T0451-KNG-2020-SagamigawaSt29,35.375,139.4375,2020,9,2020-09-01
20200901T0521-KNG-2020-SagamigawaSt34,35.375,139.4375,2020,9,2020-09-01
20200901T0543-KNG-2020-SagamigawaSt31,35.375,139.4375,2020,9,2020-09-01
20200902T0030-KNG-2020-SagamigawaSt22,35.375,139.3125,2020,9,2020-09-02
20200902T0115-KNG-2020-SagamigawaSt26,35.375,139.4375,2020,9,2020-09-02
20200902T0150-KNG-2020-SagamigawaSt20,35.45833333,139.4375,2020,9,2020-09-02
20200902T0220-KNG-2020-SagamigawaSt4,35.45833333,139.3125,2020,9,2020-09-02
20200902T0310-KNG-2020-SagamigawaSt9,35.45833333,139.4375,2020,9,2020-09-02
20200902T0430-KNG-2020-SagamigawaSt28,35.45833333,139.4375,2020,9,2020-09-02
20200902T0545-KNG-2020-SagamigawaSt27,35.45833333,139.4375,2020,9,2020-09-02
20200902T0620-KNG-2020-SagamigawaSt8,35.45833333,139.4375,2020,9,2020-09-02
20200903T0105-KNG-2020-SagamigawaSt14,35.45833333,139.3125,2020,9,2020-09-03
20200903T0140-KNG-2020-SagamigawaSt3,35.54166667,139.3125,2020,9,2020-09-03
20200903T0210-KNG-2020-SagamigawaSt11,35.54166667,139.3125,2020,9,2020-09-03
20200903T0240-KNG-2020-SagamigawaSt12,35.54166667,139.4375,2020,9,2020-09-03
20200903T0315-KNG-2020-SagamigawaSt10,35.54166667,139.4375,2020,9,2020-09-03
20200903T0350-KNG-2020-SagamigawaSt7,35.54166667,139.3125,2020,9,2020-09-03
20200903T0510-KNG-2020-SagamigawaSt2,35.54166667,139.3125,2020,9,2020-09-03
20200903T0545-KNG-2020-SagamigawaSt1,35.625,139.3125,2020,9,2020-09-03
20200903T0630-KNG-2020-SagamigawaSt13,35.54166667,139.3125,2020,9,2020-09-03
20200904T0017-KNG-2020-SagamigawaSt25,35.45833333,139.3125,2020,9,2020-09-04
20200904T0030-KNG-2020-SagamigawaSt21,35.45833333,139.3125,2020,9,2020-09-04
20200904T0104-KNG-2020-SagamigawaSt18,35.45833333,139.3125,2020,9,2020-09-04
20200904T0130-KNG-2020-SagamigawaSt15,35.45833333,139.3125,2020,9,2020-09-04
20200904T0201-KNG-2020-SagamigawaSt19,35.45833333,139.3125,2020,9,2020-09-04
20200904T0214-KNG-2020-SagamigawaSt17,35.45833333,139.3125,2020,9,2020-09-04
20200904T0238-KNG-2020-SagamigawaSt24,35.45833333,139.3125,2020,9,2020-09-04
20200904T0238-KNG-2020-SagamigawaSt24-R1,35.45833333,139.3125,2020,9,2020-09-04
20200904T0238-KNG-2020-SagamigawaSt24-R2,35.45833333,139.3125,2020,9,2020-09-04
20200904T0238-KNG-2020-SagamigawaSt24-R3,35.45833333,139.3125,2020,9,2020-09-04
20200904T0305-KNG-2020-SagamigawaSt16,35.45833333,139.3125,2020,9,2020-09-04
20200904T0331-KNG-2020-SagamigawaSt23,35.45833333,139.3125,2020,9,2020-09-04
20200904T0331-KNG-2020-SagamigawaSt23-R1,35.45833333,139.3125,2020,9,2020-09-04
20200909T0050-KNG-SagamigawaKushikawa,35.625,139.3125,2020,9,2020-09-09
20200916T0045-KNG-SagamigawaKushikawa,35.625,139.3125,2020,9,2020-09-16
20200923T0105-KNG-SagamigawaKushikawa,35.625,139.3125,2020,9,2020-09-23
20200930T0215-KNG-SagamigawaKushikawa,35.625,139.3125,2020,9,2020-09-30
20201007T0053-KNG-SagamigawaKushikawa,35.625,139.3125,2020,10,2020-10-07
20201013T0500-KNG-SagamigawaKushikawa,35.625,139.3125,2020,10,2020-10-13
20201021T0115-KNG-SagamigawaKushikawa,35.625,139.3125,2020,10,2020-10-21
20201028T0445-KNG-SagamigawaKushikawa,35.625,139.3125,2020,10,2020-10-28
20201104T0116-KNG-SagamigawaKushikawa,35.625,139.3125,2020,11,2020-11-04
20201111T0045-KNG-SagamigawaKushikawa,35.625,139.3125,2020,11,2020-11-11
20201118T0114-KNG-SagamigawaKushikawa,35.625,139.3125,2020,11,2020-11-18
20201125T0126-KNG-SagamigawaKushikawa,35.625,139.3125,2020,11,2020-11-25
20201202T0020-KNG-SagamigawaKushikawa,35.625,139.3125,2020,12,2020-12-02
20201209T0048-KNG-SagamigawaKushikawa,35.625,139.3125,2020,12,2020-12-09
20201216T0626-KNG-SagamigawaKushikawa,35.625,139.3125,2020,12,2020-12-16
20201223T0106-KNG-SagamigawaKushikawa,35.625,139.3125,2020,12,2020-12-23
20210105T0020-KNG-2020-SagamigawaSt6,35.29166667,139.3125,2021,1,2021-01-05
20210105T0037-KNG-2020-SagamigawaSt33,35.29166667,139.4375,2021,1,2021-01-05
20210105T0055-KNG-2020-SagamigawaSt35,35.375,139.4375,2021,1,2021-01-05
20210105T0112-KNG-2020-SagamigawaSt32,35.375,139.4375,2021,1,2021-01-05
20210105T0127-KNG-2020-SagamigawaSt30,35.375,139.3125,2021,1,2021-01-05
20210105T0143-KNG-2020-SagamigawaSt5,35.375,139.3125,2021,1,2021-01-05
20210105T0214-KNG-2020-SagamigawaSt29,35.375,139.4375,2021,1,2021-01-05
20210105T0230-KNG-2020-SagamigawaSt34,35.375,139.4375,2021,1,2021-01-05
20210105T0244-KNG-2020-SagamigawaSt31,35.375,139.4375,2021,1,2021-01-05
20210106T0030-KNG-2020-SagamigawaSt22,35.375,139.3125,2021,1,2021-01-06
20210106T0100-KNG-2020-SagamigawaSt26,35.375,139.4375,2021,1,2021-01-06
20210106T0136-KNG-2020-SagamigawaSt20,35.45833333,139.4375,2021,1,2021-01-06
20210106T0203-KNG-2020-SagamigawaSt4,35.45833333,139.3125,2021,1,2021-01-06
20210106T0253-KNG-2020-SagamigawaSt9,35.45833333,139.4375,2021,1,2021-01-06
20210106T0435-KNG-2020-SagamigawaSt28,35.45833333,139.4375,2021,1,2021-01-06
20210106T0523-KNG-2020-SagamigawaSt27,35.45833333,139.4375,2021,1,2021-01-06
20210106T0602-KNG-2020-SagamigawaSt8,35.45833333,139.4375,2021,1,2021-01-06
20210107T0050-KNG-2020-SagamigawaSt14,35.45833333,139.3125,2021,1,2021-01-07
20210107T0118-KNG-2020-SagamigawaSt3,35.54166667,139.3125,2021,1,2021-01-07
20210107T0151-KNG-2020-SagamigawaSt12,35.54166667,139.4375,2021,1,2021-01-07
20210107T0226-KNG-2020-SagamigawaSt10,35.54166667,139.4375,2021,1,2021-01-07
20210107T0251-KNG-2020-SagamigawaSt11,35.54166667,139.3125,2021,1,2021-01-07
20210107T0324-KNG-2020-SagamigawaSt7,35.54166667,139.3125,2021,1,2021-01-07
20210107T0503-KNG-2020-SagamigawaSt2,35.54166667,139.3125,2021,1,2021-01-07
20210107T0532-KNG-2020-SagamigawaSt1,35.625,139.3125,2021,1,2021-01-07
20210107T0610-KNG-2020-SagamigawaSt13,35.54166667,139.3125,2021,1,2021-01-07
20210108T0018-KNG-2020-SagamigawaSt25,35.45833333,139.3125,2021,1,2021-01-08
20210108T0035-KNG-2020-SagamigawaSt21,35.45833333,139.3125,2021,1,2021-01-08
20210108T0059-KNG-2020-SagamigawaSt18,35.45833333,139.3125,2021,1,2021-01-08
20210108T0117-KNG-2020-SagamigawaSt15,35.45833333,139.3125,2021,1,2021-01-08
20210108T0137-KNG-2020-SagamigawaSt19,35.45833333,139.3125,2021,1,2021-01-08
20210108T0148-KNG-2020-SagamigawaSt17,35.45833333,139.3125,2021,1,2021-01-08
20210108T0211-KNG-2020-SagamigawaSt24,35.45833333,139.3125,2021,1,2021-01-08
20210108T0231-KNG-2020-SagamigawaSt16,35.45833333,139.3125,2021,1,2021-01-08
20210108T0250-KNG-2020-SagamigawaSt23,35.45833333,139.3125,2021,1,2021-01-08
20181129T0315-RUI-Iriomote,24.45833333,123.8125,2018,11,2018-11-29
20181213T0130-RUI-Iriomote,24.45833333,123.8125,2018,12,2018-12-13
20181227T0548-RUI-Iriomote,24.45833333,123.8125,2018,12,2018-12-27
20190106T2350-FRA-SetonaikaiWest,34.29166667,132.3125,2019,1,2019-01-07
20190110T0535-RUI-Iriomote,24.45833333,123.8125,2019,1,2019-01-10
20190114T2345-FRA-SetonaikaiWest,34.29166667,132.3125,2019,1,2019-01-15
20190120T2349-FRA-SetonaikaiWest,34.29166667,132.3125,2019,1,2019-01-21
20190124T0424-RUI-Iriomote,24.45833333,123.8125,2019,1,2019-01-24
20190128T2345-FRA-SetonaikaiWest,34.29166667,132.3125,2019,1,2019-01-29
20190129T0100-KUM-Otomi-Surface,35.54166667,135.5625,2019,1,2019-01-29
20190129T0200-KUM-Otomi-Bottom,35.54166667,135.5625,2019,1,2019-01-29
20190204T2344-FRA-SetonaikaiWest,34.29166667,132.3125,2019,2,2019-02-05
20190207T0418-RUI-Iriomote,24.45833333,123.8125,2019,2,2019-02-07
20190211T2341-FRA-SetonaikaiWest,34.29166667,132.3125,2019,2,2019-02-12
20190217T2345-FRA-SetonaikaiWest,34.29166667,132.3125,2019,2,2019-02-18
20190221T0215-RUI-Iriomote,24.45833333,123.8125,2019,2,2019-02-21
20190224T2344-FRA-SetonaikaiWest,34.29166667,132.3125,2019,2,2019-02-25
20190304T2345-FRA-SetonaikaiWest,34.29166667,132.3125,2019,3,2019-03-05
20190305T0640-RUI-Iriomote,24.45833333,123.8125,2019,3,2019-03-05
20190314T2341-FRA-SetonaikaiWest,34.29166667,132.3125,2019,3,2019-03-15
20190320T0023-RUI-Iriomote,24.45833333,123.8125,2019,3,2019-03-20
20190403T0025-RUI-Iriomote,24.45833333,123.8125,2019,4,2019-04-03
20190417T0550-RUI-Iriomote,24.45833333,123.8125,2019,4,2019-04-17
20190501T0500-RUI-Iriomote,24.45833333,123.8125,2019,5,2019-05-01
20190515T0420-RUI-Iriomote,24.45833333,123.8125,2019,5,2019-05-15
20190522T2347-FRA-SetonaikaiWest,34.29166667,132.3125,2019,5,2019-05-23
20190530T0505-RUI-Iriomote,24.45833333,123.8125,2019,5,2019-05-30
20190602T2342-FRA-SetonaikaiWest,34.29166667,132.3125,2019,6,2019-06-03
20190614T0405-RUI-Iriomote,24.45833333,123.8125,2019,6,2019-06-14
20190616T2342-FRA-SetonaikaiWest,34.29166667,132.3125,2019,6,2019-06-17
20190630T2356-FRA-SetonaikaiWest,34.29166667,132.3125,2019,7,2019-07-01
20190710T0805-RUI-Iriomote,24.45833333,123.8125,2019,7,2019-07-10
20190715T2346-FRA-SetonaikaiWest,34.29166667,132.3125,2019,7,2019-07-16
20190728T2342-FRA-SetonaikaiWest,34.29166667,132.3125,2019,7,2019-07-29
20190807T0130-RUI-Iriomote,24.45833333,123.8125,2019,8,2019-08-07
20190818T2341-FRA-SetonaikaiWest,34.29166667,132.3125,2019,8,2019-08-19
20190902T2230-RUI-Iriomote,24.45833333,123.8125,2019,9,2019-09-03
20190903T2339-FRA-SetonaikaiWest,34.29166667,132.3125,2019,9,2019-09-04
20190919T0015-FRA-SetonaikaiWest,34.29166667,132.3125,2019,9,2019-09-19
20191002T0914-RUI-Iriomote,24.45833333,123.8125,2019,10,2019-10-02
20191006T2350-FRA-SetonaikaiWest,34.29166667,132.3125,2019,10,2019-10-07
20191020T2351-FRA-SetonaikaiWest,34.29166667,132.3125,2019,10,2019-10-21
20191031T0415-RUI-Iriomote,24.45833333,123.8125,2019,10,2019-10-31
20191104T2348-FRA-SetonaikaiWest,34.29166667,132.3125,2019,11,2019-11-05
20191105T0130-KUM-Nagahama,35.45833333,135.3125,2019,11,2019-11-05
20191107T0050-KUM-Otomi-Surface,35.54166667,135.5625,2019,11,2019-11-07
20191107T0156-KUM-Otomi-Bottom,35.54166667,135.5625,2019,11,2019-11-07
20191107T0250-OCF-Bise,26.70833333,127.9375,2019,11,2019-11-07
20191107T0415-OCF-Kayo,26.54166667,128.0625,2019,11,2019-11-07
20191107T0725-AKU-Hiai,32.54166667,130.4375,2019,11,2019-11-07
20191113T0130-KUM-Nagahama,35.45833333,135.3125,2019,11,2019-11-13
20191114T0315-AKU-Hiai,32.54166667,130.4375,2019,11,2019-11-14
20191118T2347-FRA-SetonaikaiWest,34.29166667,132.3125,2019,11,2019-11-19
20191119T0130-KUM-Nagahama,35.45833333,135.3125,2019,11,2019-11-19
20191120T0610-AKU-Hiai,32.54166667,130.4375,2019,11,2019-11-20
20191122T0205-OCF-Kayo,26.54166667,128.0625,2019,11,2019-11-22
20191122T0530-OCF-Bise,26.70833333,127.9375,2019,11,2019-11-22
20191126T0115-KUM-Nagahama,35.45833333,135.3125,2019,11,2019-11-26
20191127T0345-AKU-Hiai,32.54166667,130.4375,2019,11,2019-11-27
20191129T0116-SZW-Marutamae,38.625,141.4375,2019,11,2019-11-29
20191129T0207-SZW-Takihama,38.625,141.4375,2019,11,2019-11-29
20191202T2344-FRA-SetonaikaiWest,34.29166667,132.3125,2019,12,2019-12-03
20191203T0345-AKU-Hiai,32.54166667,130.4375,2019,12,2019-12-03
20191204T0130-KUM-Nagahama,35.45833333,135.3125,2019,12,2019-12-04
20191204T0407-RUI-Iriomote,24.45833333,123.8125,2019,12,2019-12-04
20191205T0600-AMS-Asamushi,40.875,140.8125,2019,12,2019-12-05
20191206T0110-TSD-Komakibashi,36.375,138.3125,2019,12,2019-12-06
20191208T2351-FRA-SetonaikaiWest,34.29166667,132.3125,2019,12,2019-12-09
20191209T0615-OCF-Bise,26.70833333,127.9375,2019,12,2019-12-09
20191209T0755-OCF-Kayo,26.54166667,128.0625,2019,12,2019-12-09
20191210T0050-KUM-Otomi-Surface,35.54166667,135.5625,2019,12,2019-12-10
20191210T0210-KUM-Otomi-Bottom,35.54166667,135.5625,2019,12,2019-12-10
20191210T2353-AKU-Hiai,32.54166667,130.4375,2019,12,2019-12-11
20191211T0120-KUM-Nagahama,35.45833333,135.3125,2019,12,2019-12-11
20191211T0136-AMS-Asamushi,40.875,140.8125,2019,12,2019-12-11
20191211T0213-SZW-Takihama,38.625,141.4375,2019,12,2019-12-11
20191215T2346-FRA-SetonaikaiWest,34.29166667,132.3125,2019,12,2019-12-16
20191216T0600-AKU-Hiai,32.54166667,130.4375,2019,12,2019-12-16
20191217T0130-KUM-Nagahama,35.45833333,135.3125,2019,12,2019-12-17
20191217T0432-AMS-Asamushi,40.875,140.8125,2019,12,2019-12-17
20191218T2350-FRA-SetonaikaiWest,34.29166667,132.3125,2019,12,2019-12-19
20191219T0610-OCF-Bise,26.70833333,127.9375,2019,12,2019-12-19
20191219T0745-OCF-Kayo,26.54166667,128.0625,2019,12,2019-12-19
20191220T0100-HUF-Nanaehama,41.79166667,140.6875,2019,12,2019-12-20
20191223T0430-HUF-MutsuSekine,41.375,141.1875,2019,12,2019-12-23
20191223T2345-FRA-SetonaikaiWest,34.29166667,132.3125,2019,12,2019-12-24
20191224T0130-KUM-Nagahama,35.45833333,135.3125,2019,12,2019-12-24
20191224T0310-AKU-Hiai,32.54166667,130.4375,2019,12,2019-12-24
20191225T0134-AMS-Asamushi,40.875,140.8125,2019,12,2019-12-25
20191225T0150-SZW-Takihama,38.625,141.4375,2019,12,2019-12-25
20191231T0115-KUM-Nagahama,35.45833333,135.3125,2019,12,2019-12-31
20191231T0430-AKU-Hiai,32.54166667,130.4375,2019,12,2019-12-31
20200101T0115-OCF-Kayo,26.54166667,128.0625,2020,1,2020-01-01
20200101T0645-OCF-Bise,26.70833333,127.9375,2020,1,2020-01-01
20200105T0345-RUI-Iriomote,24.45833333,123.8125,2020,1,2020-01-05
20200107T0130-AMS-Asamushi,40.875,140.8125,2020,1,2020-01-07
20200107T0130-KUM-Nagahama,35.45833333,135.3125,2020,1,2020-01-07
20200107T0710-AKU-Hiai,32.54166667,130.4375,2020,1,2020-01-07
20200109T0155-SZW-Takihama,38.625,141.4375,2020,1,2020-01-09
20200109T2341-FRA-SetonaikaiWest,34.29166667,132.3125,2020,1,2020-01-10
20200113T2345-FRA-SetonaikaiWest,34.29166667,132.3125,2020,1,2020-01-14
20200114T0100-OCF-Bise,26.70833333,127.9375,2020,1,2020-01-14
20200114T0110-KUM-Nagahama,35.45833333,135.3125,2020,1,2020-01-14
20200114T0240-OCF-Kayo,26.54166667,128.0625,2020,1,2020-01-14
20200114T0330-AKU-Hiai,32.54166667,130.4375,2020,1,2020-01-14
20200115T0041-AMS-Asamushi,40.875,140.8125,2020,1,2020-01-15
20200119T2340-FRA-SetonaikaiWest,34.29166667,132.3125,2020,1,2020-01-20
20200120T0415-HUF-Nanaehama,41.79166667,140.6875,2020,1,2020-01-20
20200120T0430-HUF-MutsuSekine,41.375,141.1875,2020,1,2020-01-20
20200121T0110-KUM-Nagahama,35.45833333,135.3125,2020,1,2020-01-21
20200122T0152-SZW-Takihama,38.625,141.4375,2020,1,2020-01-22
20200122T0500-AMS-Asamushi,40.875,140.8125,2020,1,2020-01-22
20200122T0650-AKU-Hiai,32.54166667,130.4375,2020,1,2020-01-22
20200128T0110-KUM-Nagahama,35.45833333,135.3125,2020,1,2020-01-28
20200128T0342-AKU-Hiai,32.54166667,130.4375,2020,1,2020-01-28
20200129T0130-AMS-Asamushi,40.875,140.8125,2020,1,2020-01-29
20200129T2350-FRA-SetonaikaiWest,34.29166667,132.3125,2020,1,2020-01-30
20200130T0505-OCF-Bise,26.70833333,127.9375,2020,1,2020-01-30
20200130T0640-OCF-Kayo,26.54166667,128.0625,2020,1,2020-01-30
20200202T0325-AKU-Hiai,32.54166667,130.4375,2020,2,2020-02-02
20200202T2345-FRA-SetonaikaiWest,34.29166667,132.3125,2020,2,2020-02-03
20200203T0130-KUM-Nagahama,35.45833333,135.3125,2020,2,2020-02-03
20200205T0150-SZW-Takihama,38.625,141.4375,2020,2,2020-02-05
20200205T0417-AMS-Asamushi,40.875,140.8125,2020,2,2020-02-05
20200206T0520-RUI-Iriomote,24.45833333,123.8125,2020,2,2020-02-06
20200207T0100-KUM-Otomi-Surface,35.54166667,135.5625,2020,2,2020-02-07
20200207T0230-KUM-Otomi-Bottom,35.54166667,135.5625,2020,2,2020-02-07
20200211T0400-AKU-Hiai,32.54166667,130.4375,2020,2,2020-02-11
20200212T0036-AMS-Asamushi,40.875,140.8125,2020,2,2020-02-12
20200212T0120-KUM-Nagahama,35.45833333,135.3125,2020,2,2020-02-12
20200212T0430-SAD-SadoRinkai,38.04166667,138.1875,2020,2,2020-02-12
20200212T0437-AKS-AkkeshiRinkai,43.04166667,144.8125,2020,2,2020-02-12
20200212T0520-OCF-Bise,26.70833333,127.9375,2020,2,2020-02-12
20200212T0650-OCF-Kayo,26.54166667,128.0625,2020,2,2020-02-12
20200214T0111-OKI-OkiRinkai,36.20833333,133.3125,2020,2,2020-02-14
20200214T0420-HUF-MutsuSekine,41.375,141.1875,2020,2,2020-02-14
20200218T0115-KUM-Nagahama,35.45833333,135.3125,2020,2,2020-02-18
20200219T0130-AMS-Asamushi,40.875,140.8125,2020,2,2020-02-19
20200219T0810-AKU-Hiai,32.54166667,130.4375,2020,2,2020-02-19
20200220T0145-SZW-Takihama,38.625,141.4375,2020,2,2020-02-20
20200220T2350-FRA-SetonaikaiWest,34.29166667,132.3125,2020,2,2020-02-21
20200221T0025-HUF-Nanaehama,41.79166667,140.6875,2020,2,2020-02-21
20200225T0110-KUM-Nagahama,35.45833333,135.3125,2020,2,2020-02-25
20200225T0310-AKU-Hiai,32.54166667,130.4375,2020,2,2020-02-25
20200226T0604-AMS-Asamushi,40.875,140.8125,2020,2,2020-02-26
20200227T0605-OCF-Kayo,26.54166667,128.0625,2020,2,2020-02-27
20200227T2310-OCF-Bise,26.70833333,127.9375,2020,2,2020-02-28
20200228T0005-FRA-SetonaikaiWest,34.29166667,132.3125,2020,2,2020-02-28
20200301T2344-FRA-SetonaikaiWest,34.29166667,132.3125,2020,3,2020-03-02
20200302T0040-KUE-IP-E,33.625,130.3125,2020,3,2020-03-02
20200302T0145-KUE-IP-W,33.625,130.0625,2020,3,2020-03-02
20200303T0140-SZW-Takihama,38.625,141.4375,2020,3,2020-03-03
20200304T0050-AMS-Asamushi,40.875,140.8125,2020,3,2020-03-04
20200304T0120-KUM-Nagahama,35.45833333,135.3125,2020,3,2020-03-04
20200304T0135-KUE-Kamitsushima3,34.70833333,129.4375,2020,3,2020-03-04
20200304T0155-SZW-Takihama,38.625,141.4375,2020,3,2020-03-04
20200304T0250-KUE-Kamitsushima2,34.54166667,129.3125,2020,3,2020-03-04
20200304T0405-KUE-Kamitsushima1,34.45833333,129.3125,2020,3,2020-03-04
20200304T0552-KUE-Shimotsushima2,34.125,129.1875,2020,3,2020-03-04
20200304T0710-KUE-Shimotsushima3,34.20833333,129.1875,2020,3,2020-03-04
20200304T0800-KUE-Shimotsushima1,34.20833333,129.3125,2020,3,2020-03-04
20200305T0610-AKU-Hiai,32.54166667,130.4375,2020,3,2020-03-05
20200306T0107-AKS-AkkeshiRinkai,43.04166667,144.8125,2020,3,2020-03-06
20200306T0450-KUM-Otomi-Surface,35.54166667,135.5625,2020,3,2020-03-06
20200306T0600-KUM-Otomi-Bottom,35.54166667,135.5625,2020,3,2020-03-06
20200307T0108-AKS-AkkeshiRinkai,43.04166667,144.8125,2020,3,2020-03-07
20200308T0200-NML-NotoRinkai,37.29166667,137.1875,2020,3,2020-03-08
20200308T0647-RUI-Iriomote,24.45833333,123.8125,2020,3,2020-03-08
20200309T0019-FRA-SetonaikaiWest,34.29166667,132.3125,2020,3,2020-03-09
20200309T0420-AKS-AkkeshiRinkai,43.04166667,144.8125,2020,3,2020-03-09
20200309T0438-SAD-SadoRinkai,38.04166667,138.1875,2020,3,2020-03-09
20200309T0720-OKI-OkiRinkai,36.20833333,133.3125,2020,3,2020-03-09
20200310T0000-AMS-Asamushi,40.875,140.8125,2020,3,2020-03-10
20200310T0125-KUM-Nagahama,35.45833333,135.3125,2020,3,2020-03-10
20200311T0344-URF-Butokamabetsugawa,44.375,142.1875,2020,3,2020-03-11
20200312T0120-NIE-KasumigauwaCenter,36.04166667,140.4375,2020,3,2020-03-12
20200313T0120-SMB-Shirahama,33.70833333,135.3125,2020,3,2020-03-13
20200314T0340-AKU-Hiai,32.54166667,130.4375,2020,3,2020-03-14
20200316T0458-OCF-Bise,26.70833333,127.9375,2020,3,2020-03-16
20200316T0635-OCF-Kayo,26.54166667,128.0625,2020,3,2020-03-16
20200316T2342-FRA-SetonaikaiWest,34.29166667,132.3125,2020,3,2020-03-17
20200317T0130-KUM-Nagahama,35.45833333,135.3125,2020,3,2020-03-17
20200318T0000-AMS-Asamushi,40.875,140.8125,2020,3,2020-03-18
20200318T0145-SZW-Takihama,38.625,141.4375,2020,3,2020-03-18
20200319T0405-HUF-Nanaehama,41.79166667,140.6875,2020,3,2020-03-19
20200321T0430-KRF-Kasuya,33.625,130.5625,2020,3,2020-03-21
20200321T0700-AKU-Hiai,32.54166667,130.4375,2020,3,2020-03-21
20200322T2345-FRA-SetonaikaiWest,34.29166667,132.3125,2020,3,2020-03-23
20200324T0024-AMS-Asamushi,40.875,140.8125,2020,3,2020-03-24
20200324T0115-KUM-Nagahama,35.45833333,135.3125,2020,3,2020-03-24
20200324T0445-TSD-Kamuriki,36.54166667,138.1875,2020,3,2020-03-24
20200326T0127-ASU-Ashiu,35.29166667,135.6875,2020,3,2020-03-26
20200331T0120-KUM-Nagahama,35.45833333,135.3125,2020,3,2020-03-31
20200331T0145-SZW-Takihama,38.625,141.4375,2020,3,2020-03-31
20200401T2350-OCF-Kayo,26.54166667,128.0625,2020,4,2020-04-02
20200402T0030-AMS-Asamushi,40.875,140.8125,2020,4,2020-04-02
20200402T0135-TSD-Daimyojin,36.54166667,138.3125,2020,4,2020-04-02
20200402T0320-OCF-Bise,26.70833333,127.9375,2020,4,2020-04-02
20200402T0330-AKU-Hiai,32.54166667,130.4375,2020,4,2020-04-02
20200402T2340-FRA-SetonaikaiWest,34.29166667,132.3125,2020,4,2020-04-03
20200403T0235-TSD-Shitsugen,36.54166667,138.3125,2020,4,2020-04-03
20200406T0700-RUI-Iriomote,24.45833333,123.8125,2020,4,2020-04-06
20200407T0130-KUM-Nagahama,35.45833333,135.3125,2020,4,2020-04-07
20200407T2350-FRA-SetonaikaiWest,34.29166667,132.3125,2020,4,2020-04-08
20200408T0100-NIE-KasumigauwaCenter,36.04166667,140.4375,2020,4,2020-04-08
20200408T0300-AKU-Hiai,32.54166667,130.4375,2020,4,2020-04-08
20200408T0440-AKS-AkkeshiRinkai,43.04166667,144.8125,2020,4,2020-04-08
20200408T0500-AMS-Asamushi,40.875,140.8125,2020,4,2020-04-08
20200409T0102-URF-Butokamabetsugawa,44.375,142.1875,2020,4,2020-04-09
20200411T0142-AKS-AkkeshiRinkai,43.04166667,144.8125,2020,4,2020-04-11
20200413T2350-FRA-SetonaikaiWest,34.29166667,132.3125,2020,4,2020-04-14
20200414T0115-KUM-Nagahama,35.45833333,135.3125,2020,4,2020-04-14
20200414T0629-ASU-Ashiu,35.29166667,135.6875,2020,4,2020-04-14
20200414T2350-OCF-Kayo,26.54166667,128.0625,2020,4,2020-04-15
20200415T0020-SAD-SadoRinkai,38.04166667,138.1875,2020,4,2020-04-15
20200415T0050-KUM-Otomi-Surface,35.54166667,135.5625,2020,4,2020-04-15
20200415T0100-NML-NotoRinkai,37.29166667,137.1875,2020,4,2020-04-15
20200415T0119-OCF-Bise,26.70833333,127.9375,2020,4,2020-04-15
20200415T0150-SZW-Takihama,38.625,141.4375,2020,4,2020-04-15
20200415T0205-KUM-Otomi-Bottom,35.54166667,135.5625,2020,4,2020-04-15
20200415T0430-AMS-Asamushi,40.875,140.8125,2020,4,2020-04-15
20200415T0455-OKI-OkiRinkai,36.20833333,133.3125,2020,4,2020-04-15
20200416T0631-AKU-Hiai,32.54166667,130.4375,2020,4,2020-04-16
20200416T0720-TMK-Horonaigawa,42.70833333,141.5625,2020,4,2020-04-16
20200417T0108-HUF-Nanaehama,41.79166667,140.6875,2020,4,2020-04-17
20200420T2340-FRA-SetonaikaiWest,34.29166667,132.3125,2020,4,2020-04-21
20200421T0115-KUM-Nagahama,35.45833333,135.3125,2020,4,2020-04-21
20200421T0500-KRF-Kasuya,33.625,130.5625,2020,4,2020-04-21
20200422T0025-AMS-Asamushi,40.875,140.8125,2020,4,2020-04-22
20200422T0248-AKU-Hiai,32.54166667,130.4375,2020,4,2020-04-22
20200422T0445-TSD-Kamuriki,36.54166667,138.1875,2020,4,2020-04-22
20200423T0130-SMB-SugashimaRinkai,34.45833333,136.9375,2020,4,2020-04-23
20200427T0030-HUA-Chitosegawa1,42.79166667,141.5625,2020,4,2020-04-27
20200427T0200-HUA-Chitosegawa2,42.79166667,141.6875,2020,4,2020-04-27
20200427T0315-HUA-Chitosegawa4,42.875,141.6875,2020,4,2020-04-27
20200427T0425-HUA-Chitosegawa3,42.95833333,141.5625,2020,4,2020-04-27
20200428T0000-FRA-SetonaikaiWest,34.29166667,132.3125,2020,4,2020-04-28
20200428T0030-AMS-Asamushi,40.875,140.8125,2020,4,2020-04-28
20200428T0120-KUM-Nagahama,35.45833333,135.3125,2020,4,2020-04-28
20200428T0150-SZW-Takihama,38.625,141.4375,2020,4,2020-04-28
20200428T0208-AKS-AkkeshiRinkai,43.04166667,144.8125,2020,4,2020-04-28
20200430T0150-SMD-Shimoda,34.625,138.9375,2020,4,2020-04-30
20200430T0300-TES-Teshio,45.04166667,142.0625,2020,4,2020-04-30
20200430T0355-AKU-Hiai,32.54166667,130.4375,2020,4,2020-04-30
20200504T0002-OCF-Kayo,26.54166667,128.0625,2020,5,2020-05-04
20200504T0400-OCF-Bise,26.70833333,127.9375,2020,5,2020-05-04
20200505T0120-KUM-Nagahama,35.45833333,135.3125,2020,5,2020-05-05
20200507T0240-AKU-Hiai,32.54166667,130.4375,2020,5,2020-05-07
20200507T0750-RUI-Iriomote,24.45833333,123.8125,2020,5,2020-05-07
20200507T2350-FRA-SetonaikaiWest,34.29166667,132.3125,2020,5,2020-05-08
20200511T2350-FRA-SetonaikaiWest,34.29166667,132.3125,2020,5,2020-05-12
20200512T0040-AMS-Asamushi,40.875,140.8125,2020,5,2020-05-12
20200513T0049-SBC-Shibecha,43.375,144.6875,2020,5,2020-05-13
20200513T0145-SZW-Takihama,38.625,141.4375,2020,5,2020-05-13
20200513T0150-NIE-KasumigauwaCenter,36.04166667,140.4375,2020,5,2020-05-13
20200514T0000-SMB-Shirahama,33.70833333,135.3125,2020,5,2020-05-14
20200514T0100-KUM-Otomi-Surface,35.54166667,135.5625,2020,5,2020-05-14
20200514T0130-ASU-Ashiu,35.29166667,135.6875,2020,5,2020-05-14
20200514T0205-KUM-Otomi-Bottom,35.54166667,135.5625,2020,5,2020-05-14
20200514T0350-AKU-Hiai,32.54166667,130.4375,2020,5,2020-05-14
20200514T2350-HUF-Nanaehama,41.79166667,140.6875,2020,5,2020-05-15
20200515T0104-URF-Butokamabetsugawa,44.375,142.1875,2020,5,2020-05-15
20200515T0120-KUM-Nagahama,35.45833333,135.3125,2020,5,2020-05-15
20200515T0420-HUF-MutsuSekine,41.375,141.1875,2020,5,2020-05-15
20200516T0530-OCF-Bise,26.70833333,127.9375,2020,5,2020-05-16
20200516T0700-OCF-Kayo,26.54166667,128.0625,2020,5,2020-05-16
20200518T0008-SAD-SadoRinkai,38.04166667,138.1875,2020,5,2020-05-18
20200518T0120-NML-NotoRinkai,37.29166667,137.1875,2020,5,2020-05-18
20200518T2350-FRA-SetonaikaiWest,34.29166667,132.3125,2020,5,2020-05-19
20200519T0105-AKS-AkkeshiRinkai,43.04166667,144.8125,2020,5,2020-05-19
20200519T0120-KUM-Nagahama,35.45833333,135.3125,2020,5,2020-05-19
20200519T0645-OKI-OkiRinkai,36.20833333,133.3125,2020,5,2020-05-19
20200520T0025-AKU-Hiai,32.54166667,130.4375,2020,5,2020-05-20
20200520T0228-SBC-Shibecha,43.375,144.6875,2020,5,2020-05-20
20200521T0016-AMS-Asamushi,40.875,140.8125,2020,5,2020-05-21
20200521T0550-KZG-Kozagawa,33.70833333,135.6875,2020,5,2020-05-21
20200521T0610-TMK-Horonaigawa,42.70833333,141.5625,2020,5,2020-05-21
20200525T0030-HUA-Chitosegawa1,42.79166667,141.5625,2020,5,2020-05-25
20200525T0235-HUA-Chitosegawa2,42.79166667,141.6875,2020,5,2020-05-25
20200525T0340-HUA-Chitosegawa4,42.875,141.6875,2020,5,2020-05-25
20200525T0425-HUA-Chitosegawa3,42.95833333,141.5625,2020,5,2020-05-25
20200525T2350-FRA-SetonaikaiWest,34.29166667,132.3125,2020,5,2020-05-26
20200526T0020-AMS-Asamushi,40.875,140.8125,2020,5,2020-05-26
20200527T0016-SBC-Shibecha,43.375,144.6875,2020,5,2020-05-27
20200527T0130-KUM-Nagahama,35.45833333,135.3125,2020,5,2020-05-27
20200527T0150-SZW-Takihama,38.625,141.4375,2020,5,2020-05-27
20200528T0110-AKS-AkkeshiRinkai,43.04166667,144.8125,2020,5,2020-05-28
20200528T0115-TES-Teshio,45.04166667,142.0625,2020,5,2020-05-28
20200528T0325-AKU-Hiai,32.54166667,130.4375,2020,5,2020-05-28
20200528T0555-SMD-Shimoda,34.625,138.9375,2020,5,2020-05-28
20200529T0130-SMB-SugashimaRinkai,34.45833333,136.9375,2020,5,2020-05-29
20200529T0208-OCF-Kayo,26.54166667,128.0625,2020,5,2020-05-29
20200529T0507-OCF-Bise,26.70833333,127.9375,2020,5,2020-05-29
20200601T0130-KUM-Nagahama,35.45833333,135.3125,2020,6,2020-06-01
20200601T2350-FRA-SetonaikaiWest,34.29166667,132.3125,2020,6,2020-06-02
20200602T0035-AMS-Asamushi,40.875,140.8125,2020,6,2020-06-02
20200602T0440-TSD-Kamuriki,36.54166667,138.1875,2020,6,2020-06-02
20200603T0032-SBC-Shibecha,43.375,144.6875,2020,6,2020-06-03
20200603T0800-AKU-Hiai,32.54166667,130.4375,2020,6,2020-06-03
20200604T0045-RUI-Iriomote,24.45833333,123.8125,2020,6,2020-06-04
20200609T0044-SAD-SadoRinkai,38.04166667,138.1875,2020,6,2020-06-09
20200609T2347-FRA-SetonaikaiWest,34.29166667,132.3125,2020,6,2020-06-10
20200610T0025-AMS-Asamushi,40.875,140.8125,2020,6,2020-06-10
20200610T0100-NIE-KasumigauwaCenter,36.04166667,140.4375,2020,6,2020-06-10
20200610T0106-SBC-Shibecha,43.375,144.6875,2020,6,2020-06-10
20200610T0120-KUM-Nagahama,35.45833333,135.3125,2020,6,2020-06-10
20200610T0145-SZW-Takihama,38.625,141.4375,2020,6,2020-06-10
20200610T0200-AKU-Hiai,32.54166667,130.4375,2020,6,2020-06-10
20200610T0730-OKI-OkiRinkai,36.20833333,133.3125,2020,6,2020-06-10
20200612T0115-KUE-Gotoh4,32.70833333,128.6875,2020,6,2020-06-12
20200612T0205-KUE-Gotoh2,32.70833333,128.6875,2020,6,2020-06-12
20200612T0324-KUE-Gotoh3,32.625,128.8125,2020,6,2020-06-12
20200612T0420-KUE-Gotoh1,32.79166667,128.8125,2020,6,2020-06-12
20200612T0512-OCF-Bise,26.70833333,127.9375,2020,6,2020-06-12
20200612T0718-OCF-Kayo,26.54166667,128.0625,2020,6,2020-06-12
20200615T0058-URF-Butokamabetsugawa,44.375,142.1875,2020,6,2020-06-15
20200615T0220-HUF-MutsuSekine,41.375,141.1875,2020,6,2020-06-15
20200615T2350-FRA-SetonaikaiWest,34.29166667,132.3125,2020,6,2020-06-16
20200616T0110-AKS-AkkeshiRinkai,43.04166667,144.8125,2020,6,2020-06-16
20200616T0115-KUM-Nagahama,35.45833333,135.3125,2020,6,2020-06-16
20200616T0620-ASU-Ashiu,35.29166667,135.6875,2020,6,2020-06-16
20200617T0027-AMS-Asamushi,40.875,140.8125,2020,6,2020-06-17
20200617T0100-KUM-Otomi-Surface,35.54166667,135.5625,2020,6,2020-06-17
20200617T0200-KUM-Otomi-Bottom,35.54166667,135.5625,2020,6,2020-06-17
20200617T0244-SBC-Shibecha,43.375,144.6875,2020,6,2020-06-17
20200617T0600-AKU-Hiai,32.54166667,130.4375,2020,6,2020-06-17
20200618T0415-UTO-OtsuchiBay,39.375,141.9375,2020,6,2020-06-18
20200620T0102-HUF-Nanaehama,41.79166667,140.6875,2020,6,2020-06-20
20200623T0120-KUM-Nagahama,35.45833333,135.3125,2020,6,2020-06-23
20200623T2346-FRA-SetonaikaiWest,34.29166667,132.3125,2020,6,2020-06-24
20200624T0025-AMS-Asamushi,40.875,140.8125,2020,6,2020-06-24
20200624T0150-SZW-Takihama,38.625,141.4375,2020,6,2020-06-24
20200624T0246-SBC-Shibecha,43.375,144.6875,2020,6,2020-06-24
20200624T0300-AKU-Hiai,32.54166667,130.4375,2020,6,2020-06-24
20200624T0515-TSD-Kamuriki,36.54166667,138.1875,2020,6,2020-06-24
20200624T0700-SMD-Shimoda,34.625,138.9375,2020,6,2020-06-24
20200625T0050-HUA-Chitosegawa1,42.79166667,141.5625,2020,6,2020-06-25
20200625T0250-HUA-Chitosegawa2,42.79166667,141.6875,2020,6,2020-06-25
20200625T0400-HUA-Chitosegawa4,42.875,141.6875,2020,6,2020-06-25
20200625T0510-HUA-Chitosegawa3,42.95833333,141.5625,2020,6,2020-06-25
20200626T0025-AKS-AkkeshiRinkai,43.04166667,144.8125,2020,6,2020-06-26
20200627T0435-SMU-EtomoPort,35.54166667,132.9375,2020,6,2020-06-27
20200628T0001-SMU-Mihonoseki,35.54166667,133.3125,2020,6,2020-06-28
20200629T0430-SMB-SugashimaRinkai,34.45833333,136.9375,2020,6,2020-06-29
20200629T2350-FRA-SetonaikaiWest,34.29166667,132.3125,2020,6,2020-06-30
20200630T0000-TES-Teshio,45.04166667,142.0625,2020,6,2020-06-30
20200630T0120-KUM-Nagahama,35.45833333,135.3125,2020,6,2020-06-30
20200630T0218-OCF-Kayo,26.54166667,128.0625,2020,6,2020-06-30
20200630T0534-OCF-Bise,26.70833333,127.9375,2020,6,2020-06-30
20200630T0610-AMS-Asamushi,40.875,140.8125,2020,6,2020-06-30
20200701T0031-SBC-Shibecha,43.375,144.6875,2020,7,2020-07-01
20200701T0548-AKU-Hiai,32.54166667,130.4375,2020,7,2020-07-01
20200702T0030-TSD-Daimyojin,36.54166667,138.3125,2020,7,2020-07-02
20200702T0530-RUI-Iriomote,24.45833333,123.8125,2020,7,2020-07-02
20200705T0110-AKS-AkkeshiRinkai,43.04166667,144.8125,2020,7,2020-07-05
20200708T0024-AMS-Asamushi,40.875,140.8125,2020,7,2020-07-08
20200708T0058-SBC-Shibecha,43.375,144.6875,2020,7,2020-07-08
20200708T0115-KUM-Nagahama,35.45833333,135.3125,2020,7,2020-07-08
20200708T0145-SZW-Takihama,38.625,141.4375,2020,7,2020-07-08
20200708T0400-AKU-Hiai,32.54166667,130.4375,2020,7,2020-07-08
20200709T2344-FRA-SetonaikaiWest,34.29166667,132.3125,2020,7,2020-07-10
20200713T0030-HUF-MutsuSekine,41.375,141.1875,2020,7,2020-07-13
20200713T0130-SMD-Shikinejima,34.29166667,139.1875,2020,7,2020-07-13
20200713T0245-SMD-Shikinejima,34.29166667,139.1875,2020,7,2020-07-13
20200713T0526-OCF-Bise,26.70833333,127.9375,2020,7,2020-07-13
20200713T0700-OCF-Kayo,26.54166667,128.0625,2020,7,2020-07-13
20200714T0005-KUE-IP-E,33.625,130.3125,2020,7,2020-07-14
20200714T0120-KUE-IP-W,33.625,130.0625,2020,7,2020-07-14
20200714T2357-FRA-SetonaikaiWest,34.29166667,132.3125,2020,7,2020-07-15
20200715T0021-AMS-Asamushi,40.875,140.8125,2020,7,2020-07-15
20200715T0110-AKS-AkkeshiRinkai,43.04166667,144.8125,2020,7,2020-07-15
20200715T0200-SBC-Shibecha,43.375,144.6875,2020,7,2020-07-15
20200716T0120-KUM-Nagahama,35.45833333,135.3125,2020,7,2020-07-16
20200716T0704-ASU-Ashiu,35.29166667,135.6875,2020,7,2020-07-16
20200716T0740-AKU-Hiai,32.54166667,130.4375,2020,7,2020-07-16
20200717T0053-URF-Butokamabetsugawa,44.375,142.1875,2020,7,2020-07-17
20200717T0415-UTO-OtsuchiBay,39.375,141.9375,2020,7,2020-07-17
20200718T0413-HUF-Nanaehama,41.79166667,140.6875,2020,7,2020-07-18
20200720T0110-NML-NotoRinkai,37.29166667,137.1875,2020,7,2020-07-20
20200720T0445-SAD-SadoRinkai,38.04166667,138.1875,2020,7,2020-07-20
20200721T0100-KUM-Otomi-Surface,35.54166667,135.5625,2020,7,2020-07-21
20200721T0200-KUM-Otomi-Bottom,35.54166667,135.5625,2020,7,2020-07-21
20200721T0547-AKS-AkkeshiRinkai,43.04166667,144.8125,2020,7,2020-07-21
20200721T0710-OKI-OkiRinkai,36.20833333,133.3125,2020,7,2020-07-21
20200721T2353-FRA-SetonaikaiWest,34.29166667,132.3125,2020,7,2020-07-22
20200722T0038-SBC-Shibecha,43.375,144.6875,2020,7,2020-07-22
20200722T0120-KUM-Nagahama,35.45833333,135.3125,2020,7,2020-07-22
20200722T0130-UMI-UshimadoRinkai,34.625,134.1875,2020,7,2020-07-22
20200722T0145-SZW-Takihama,38.625,141.4375,2020,7,2020-07-22
20200722T0255-AKU-Hiai,32.54166667,130.4375,2020,7,2020-07-22
20200722T0547-AMS-Asamushi,40.875,140.8125,2020,7,2020-07-22
20200727T0445-OCF-Bise,26.70833333,127.9375,2020,7,2020-07-27
20200727T0630-OCF-Kayo,26.54166667,128.0625,2020,7,2020-07-27
20200727T2345-FRA-SetonaikaiWest,34.29166667,132.3125,2020,7,2020-07-28
20200728T0112-AKS-AkkeshiRinkai,43.04166667,144.8125,2020,7,2020-07-28
20200728T0130-KUM-Nagahama,35.45833333,135.3125,2020,7,2020-07-28
20200728T0545-AMS-Asamushi,40.875,140.8125,2020,7,2020-07-28
20200729T0037-SBC-Shibecha,43.375,144.6875,2020,7,2020-07-29
20200729T0120-HUA-Chitosegawa1,42.79166667,141.5625,2020,7,2020-07-29
20200729T0200-SMD-Shimoda,34.625,138.9375,2020,7,2020-07-29
20200729T0310-HUA-Chitosegawa2,42.79166667,141.6875,2020,7,2020-07-29
20200729T0610-HUA-Chitosegawa4,42.875,141.6875,2020,7,2020-07-29
20200729T0630-AKU-Hiai,32.54166667,130.4375,2020,7,2020-07-29
20200729T0640-HUA-Chitosegawa3,42.95833333,141.5625,2020,7,2020-07-29
20200730T0530-TES-Teshio,45.04166667,142.0625,2020,7,2020-07-30
20200731T0011-SMU-EtomoPort,35.54166667,132.9375,2020,7,2020-07-31
20200731T0155-SMU-Mihonoseki,35.54166667,133.3125,2020,7,2020-07-31
20200731T0430-SMB-SugashimaRinkai,34.45833333,136.9375,2020,7,2020-07-31
20200803T0430-SAD-SadoRinkai,38.04166667,138.1875,2020,8,2020-08-03
20200803T2347-FRA-SetonaikaiWest,34.29166667,132.3125,2020,8,2020-08-04
20200804T0120-KUM-Nagahama,35.45833333,135.3125,2020,8,2020-08-04
20200804T0500-TSD-Shitsugen,36.54166667,138.3125,2020,8,2020-08-04
20200805T0045-AMS-Asamushi,40.875,140.8125,2020,8,2020-08-05
20200805T0115-SBC-Shibecha,43.375,144.6875,2020,8,2020-08-05
20200805T0150-SZW-Takihama,38.625,141.4375,2020,8,2020-08-05
20200805T0440-TSD-Kamuriki,36.54166667,138.1875,2020,8,2020-08-05
20200805T0911-RUI-Iriomote,24.45833333,123.8125,2020,8,2020-08-05
20200806T0700-OKI-OkiRinkai,36.20833333,133.3125,2020,8,2020-08-06
20200808T0345-AKU-Hiai,32.54166667,130.4375,2020,8,2020-08-08
20200809T0414-AKS-AkkeshiRinkai,43.04166667,144.8125,2020,8,2020-08-09
20200810T0500-AKS-AkkeshiRinkai,43.04166667,144.8125,2020,8,2020-08-10
20200810T2350-FRA-SetonaikaiWest,34.29166667,132.3125,2020,8,2020-08-11
20200811T0030-AMS-Asamushi,40.875,140.8125,2020,8,2020-08-11
20200812T0210-OCF-Bise,26.70833333,127.9375,2020,8,2020-08-12
20200812T0240-SBC-Shibecha,43.375,144.6875,2020,8,2020-08-12
20200812T0710-OCF-Kayo,26.54166667,128.0625,2020,8,2020-08-12
20200813T0723-URF-Butokamabetsugawa,44.375,142.1875,2020,8,2020-08-13
20200813T2100-SMB-Shirahama,33.70833333,135.3125,2020,8,2020-08-14
20200814T0120-KUM-Nagahama,35.45833333,135.3125,2020,8,2020-08-14
20200815T0700-AKU-Hiai,32.54166667,130.4375,2020,8,2020-08-15
20200817T0113-ASU-Ashiu,35.29166667,135.6875,2020,8,2020-08-17
20200817T0400-UTO-OtsuchiBay,39.375,141.9375,2020,8,2020-08-17
20200818T0113-AKS-AkkeshiRinkai,43.04166667,144.8125,2020,8,2020-08-18
20200818T0120-KUM-Nagahama,35.45833333,135.3125,2020,8,2020-08-18
20200819T0017-SBC-Shibecha,43.375,144.6875,2020,8,2020-08-19
20200819T0150-SZW-Takihama,38.625,141.4375,2020,8,2020-08-19
20200819T0450-KZG-Kozagawa,33.70833333,135.6875,2020,8,2020-08-19
20200819T0455-AMS-Asamushi,40.875,140.8125,2020,8,2020-08-19
20200820T0100-KUM-Otomi-Surface,35.54166667,135.5625,2020,8,2020-08-20
20200820T0130-UMI-UshimadoRinkai,34.625,134.1875,2020,8,2020-08-20
20200820T0200-KUM-Otomi-Bottom,35.54166667,135.5625,2020,8,2020-08-20
20200820T2346-FRA-SetonaikaiWest,34.29166667,132.3125,2020,8,2020-08-21
20200821T0031-HUF-Nanaehama,41.79166667,140.6875,2020,8,2020-08-21
20200822T0400-AKU-Hiai,32.54166667,130.4375,2020,8,2020-08-22
20200824T0105-HUA-Chitosegawa1,42.79166667,141.5625,2020,8,2020-08-24
20200824T0300-HUA-Chitosegawa2,42.79166667,141.6875,2020,8,2020-08-24
20200824T0410-HUA-Chitosegawa4,42.875,141.6875,2020,8,2020-08-24
20200824T0510-HUA-Chitosegawa3,42.95833333,141.5625,2020,8,2020-08-24
20200824T0630-TES-Teshio,45.04166667,142.0625,2020,8,2020-08-24
20200824T2343-FRA-SetonaikaiWest,34.29166667,132.3125,2020,8,2020-08-25
20200825T0100-SMB-SugashimaRinkai,34.45833333,136.9375,2020,8,2020-08-25
20200825T0120-KUM-Nagahama,35.45833333,135.3125,2020,8,2020-08-25
20200825T0510-AKS-AkkeshiRinkai,43.04166667,144.8125,2020,8,2020-08-25
20200826T0007-SMU-EtomoPort,35.54166667,132.9375,2020,8,2020-08-26
20200826T0015-SBC-Shibecha,43.375,144.6875,2020,8,2020-08-26
20200826T0128-AMS-Asamushi,40.875,140.8125,2020,8,2020-08-26
20200826T0142-SMU-Mihonoseki,35.54166667,133.3125,2020,8,2020-08-26
20200826T0430-SMD-Shimoda,34.625,138.9375,2020,8,2020-08-26
20200826T0500-TSD-Kamuriki,36.54166667,138.1875,2020,8,2020-08-26
20200828T0430-KRF-Kasuya,33.625,130.5625,2020,8,2020-08-28
20200828T0500-OCF-Bise,26.70833333,127.9375,2020,8,2020-08-28
20200828T0710-OCF-Kayo,26.54166667,128.0625,2020,8,2020-08-28
20200830T0705-AKU-Hiai,32.54166667,130.4375,2020,8,2020-08-30
20200831T2349-FRA-SetonaikaiWest,34.29166667,132.3125,2020,9,2020-09-01
20200902T0140-SZW-Takihama,38.625,141.4375,2020,9,2020-09-02
20200902T0200-SBC-Shibecha,43.375,144.6875,2020,9,2020-09-02
20200902T0745-RUI-Iriomote,24.45833333,123.8125,2020,9,2020-09-02
20200903T0110-AMS-Asamushi,40.875,140.8125,2020,9,2020-09-03
20200904T0100-KUM-Otomi-Surface,35.54166667,135.5625,2020,9,2020-09-04
20200904T0120-KUM-Nagahama,35.45833333,135.3125,2020,9,2020-09-04
20200904T0200-KUM-Otomi-Bottom,35.54166667,135.5625,2020,9,2020-09-04
20200905T0400-AKU-Hiai,32.54166667,130.4375,2020,9,2020-09-05
20200906T0040-NML-NotoRinkai,37.29166667,137.1875,2020,9,2020-09-06
20200907T0437-AKS-AkkeshiRinkai,43.04166667,144.8125,2020,9,2020-09-07
20200908T0120-KUM-Nagahama,35.45833333,135.3125,2020,9,2020-09-08
20200908T2351-FRA-SetonaikaiWest,34.29166667,132.3125,2020,9,2020-09-09
20200909T0136-SBC-Shibecha,43.375,144.6875,2020,9,2020-09-09
20200910T0450-AMS-Asamushi,40.875,140.8125,2020,9,2020-09-10
20200910T2320-OCF-Kayo,26.54166667,128.0625,2020,9,2020-09-11
20200911T0015-KUE-IP-E,33.625,130.3125,2020,9,2020-09-11
20200911T0050-OCF-Bise,26.70833333,127.9375,2020,9,2020-09-11
20200911T0153-KUE-IP-W,33.625,130.0625,2020,9,2020-09-11
20200912T0700-AKU-Hiai,32.54166667,130.4375,2020,9,2020-09-12
20200914T0530-OKI-OkiRinkai,36.20833333,133.3125,2020,9,2020-09-14
20200915T0120-KUM-Nagahama,35.45833333,135.3125,2020,9,2020-09-15
20200915T0412-AKS-AkkeshiRinkai,43.04166667,144.8125,2020,9,2020-09-15
20200915T0420-HUF-MutsuSekine,41.375,141.1875,2020,9,2020-09-15
20200915T2344-FRA-SetonaikaiWest,34.29166667,132.3125,2020,9,2020-09-16
20200916T0135-SZW-Takihama,38.625,141.4375,2020,9,2020-09-16
20200916T0148-SBC-Shibecha,43.375,144.6875,2020,9,2020-09-16
20200917T0030-AMS-Asamushi,40.875,140.8125,2020,9,2020-09-17
20200917T0115-KUE-Kamitsushima3,34.70833333,129.4375,2020,9,2020-09-17
20200917T0225-KUE-Kamitsushima2,34.54166667,129.3125,2020,9,2020-09-17
20200917T0310-AKU-Hiai,32.54166667,130.4375,2020,9,2020-09-17
20200917T0332-KUE-Kamitsushima1,34.45833333,129.3125,2020,9,2020-09-17
20200917T0430-KUE-Kamitsushima4,34.375,129.3125,2020,9,2020-09-17
20200917T0525-KUE-Kamitsushima5,34.375,129.4375,2020,9,2020-09-17
20200917T0645-KUE-Shimotsushima1,34.20833333,129.3125,2020,9,2020-09-17
20200917T0750-KUE-Shimotsushima2,34.125,129.1875,2020,9,2020-09-17
20200917T0850-KUE-Shimotsushima3,34.20833333,129.1875,2020,9,2020-09-17
20200922T0330-AKU-Hiai,32.54166667,130.4375,2020,9,2020-09-22
20200923T0030-AMS-Asamushi,40.875,140.8125,2020,9,2020-09-23
20200923T0030-FRA-SetonaikaiWest,34.29166667,132.3125,2020,9,2020-09-23
20200923T0037-SBC-Shibecha,43.375,144.6875,2020,9,2020-09-23
20200923T0423-AKS-AkkeshiRinkai,43.04166667,144.8125,2020,9,2020-09-23
20200923T2330-TSD-Kamuriki,36.54166667,138.1875,2020,9,2020-09-24
20200924T0120-KUM-Nagahama,35.45833333,135.3125,2020,9,2020-09-24
20200925T0200-TES-Teshio,45.04166667,142.0625,2020,9,2020-09-25
20200925T0550-OCF-Bise,26.70833333,127.9375,2020,9,2020-09-25
20200925T0740-OCF-Kayo,26.54166667,128.0625,2020,9,2020-09-25
20200928T0030-UMI-UshimadoRinkai,34.625,134.1875,2020,9,2020-09-28
20200928T0135-SMU-EtomoPort,35.54166667,132.9375,2020,9,2020-09-28
20200928T0216-ASU-Ashiu,35.29166667,135.6875,2020,9,2020-09-28
20200928T0258-SMU-Mihonoseki,35.54166667,133.3125,2020,9,2020-09-28
20200928T0412-HUF-Nanaehama,41.79166667,140.6875,2020,9,2020-09-28
20200928T0430-KRF-Kasuya,33.625,130.5625,2020,9,2020-09-28
20200928T0530-SMB-SugashimaRinkai,34.45833333,136.9375,2020,9,2020-09-28
20200929T0020-HUA-Chitosegawa1,42.79166667,141.5625,2020,9,2020-09-29
20200929T0110-KUM-Nagahama,35.45833333,135.3125,2020,9,2020-09-29
20200929T0220-HUA-Chitosegawa2,42.79166667,141.6875,2020,9,2020-09-29
20200929T0345-HUA-Chitosegawa4,42.875,141.6875,2020,9,2020-09-29
20200929T0350-UTO-OtsuchiBay,39.375,141.9375,2020,9,2020-09-29
20200929T0445-SMD-Shimoda,34.625,138.9375,2020,9,2020-09-29
20200929T0450-HUA-Chitosegawa3,42.95833333,141.5625,2020,9,2020-09-29
20200929T0500-TMK-Horonaigawa,42.70833333,141.5625,2020,9,2020-09-29
20200930T0020-SBC-Shibecha,43.375,144.6875,2020,9,2020-09-30
20200930T0130-SZW-Takihama,38.625,141.4375,2020,9,2020-09-30
20200930T0340-SAD-SadoRinkai,38.04166667,138.1875,2020,9,2020-09-30
20200930T0432-AKS-AkkeshiRinkai,43.04166667,144.8125,2020,9,2020-09-30
20201001T0725-RUI-Iriomote,24.45833333,123.8125,2020,10,2020-10-01
20201001T2350-FRA-SetonaikaiWest,34.29166667,132.3125,2020,10,2020-10-02
20201005T2346-FRA-SetonaikaiWest,34.29166667,132.3125,2020,10,2020-10-06
20201006T0110-AKS-AkkeshiRinkai,43.04166667,144.8125,2020,10,2020-10-06
20201006T0110-KUM-Nagahama,35.45833333,135.3125,2020,10,2020-10-06
20201007T0205-SBC-Shibecha,43.375,144.6875,2020,10,2020-10-07
20201007T0445-TSD-Daimyojin,36.54166667,138.3125,2020,10,2020-10-07
20201010T0010-OCF-Kayo,26.54166667,128.0625,2020,10,2020-10-10
20201010T0650-OCF-Bise,26.70833333,127.9375,2020,10,2020-10-10
20201013T0110-KUM-Nagahama,35.45833333,135.3125,2020,10,2020-10-13
20201013T0600-ASU-Ashiu,35.29166667,135.6875,2020,10,2020-10-13
20201013T2354-FRA-SetonaikaiWest,34.29166667,132.3125,2020,10,2020-10-14
20201014T0015-OKI-OkiRinkai,36.20833333,133.3125,2020,10,2020-10-14
20201014T0020-TMK-Horonaigawa,42.70833333,141.5625,2020,10,2020-10-14
20201014T0033-SBC-Shibecha,43.375,144.6875,2020,10,2020-10-14
20201014T0145-SZW-Takihama,38.625,141.4375,2020,10,2020-10-14
20201014T2330-NTK-Kotohiragawa,44.79166667,142.0625,2020,10,2020-10-15
20201015T0416-AKS-AkkeshiRinkai,43.04166667,144.8125,2020,10,2020-10-15
20201019T0350-UTO-OtsuchiBay,39.375,141.9375,2020,10,2020-10-19
20201020T0001-FRA-SetonaikaiWest,34.29166667,132.3125,2020,10,2020-10-20
20201020T0412-AKS-AkkeshiRinkai,43.04166667,144.8125,2020,10,2020-10-20
20201021T0158-SBC-Shibecha,43.375,144.6875,2020,10,2020-10-21
20201021T0530-SMD-Shimoda,34.625,138.9375,2020,10,2020-10-21
20201022T0130-SAD-SadoRinkai,38.04166667,138.1875,2020,10,2020-10-22
20201022T0500-TES-Teshio,45.04166667,142.0625,2020,10,2020-10-22
20201025T0511-SMU-Mihonoseki,35.54166667,133.3125,2020,10,2020-10-25
20201025T0636-SMU-EtomoPort,35.54166667,132.9375,2020,10,2020-10-25
20201026T0410-HUF-Nanaehama,41.79166667,140.6875,2020,10,2020-10-26
20201026T0630-OCF-Kayo,26.54166667,128.0625,2020,10,2020-10-26
20201026T0820-OCF-Bise,26.70833333,127.9375,2020,10,2020-10-26
20201026T2350-FRA-SetonaikaiWest,34.29166667,132.3125,2020,10,2020-10-27
20201027T0600-SMB-SugashimaRinkai,34.45833333,136.9375,2020,10,2020-10-27
20201027T2345-TSD-Kamuriki,36.54166667,138.1875,2020,10,2020-10-28
20201028T0030-HUA-Chitosegawa1,42.79166667,141.5625,2020,10,2020-10-28
20201028T0110-KUM-Nagahama,35.45833333,135.3125,2020,10,2020-10-28
20201028T0112-SBC-Shibecha,43.375,144.6875,2020,10,2020-10-28
20201028T0130-AKS-AkkeshiRinkai,43.04166667,144.8125,2020,10,2020-10-28
20201028T0130-SZW-Takihama,38.625,141.4375,2020,10,2020-10-28
20201028T0150-UMI-UshimadoRinkai,34.625,134.1875,2020,10,2020-10-28
20201028T0245-HUA-Chitosegawa2,42.79166667,141.6875,2020,10,2020-10-28
20201028T0405-HUA-Chitosegawa4,42.875,141.6875,2020,10,2020-10-28
20201028T0430-KRF-Kasuya,33.625,130.5625,2020,10,2020-10-28
20201028T0505-HUA-Chitosegawa3,42.95833333,141.5625,2020,10,2020-10-28
20201103T2345-FRA-SetonaikaiWest,34.29166667,132.3125,2020,11,2020-11-04
20201104T0110-KUM-Nagahama,35.45833333,135.3125,2020,11,2020-11-04
20201104T0430-TSD-Shitsugen,36.54166667,138.3125,2020,11,2020-11-04
20201106T0100-RUI-Iriomote,24.45833333,123.8125,2020,11,2020-11-06
20201110T0110-KUM-Nagahama,35.45833333,135.3125,2020,11,2020-11-10
20201110T2345-FRA-SetonaikaiWest,34.29166667,132.3125,2020,11,2020-11-11
20201111T0030-TMK-Horonaigawa,42.70833333,141.5625,2020,11,2020-11-11
20201111T0136-SZW-Takihama,38.625,141.4375,2020,11,2020-11-11
20201111T0412-AKS-AkkeshiRinkai,43.04166667,144.8125,2020,11,2020-11-11
20201113T0100-KUM-Otomi-Surface,35.54166667,135.5625,2020,11,2020-11-13
20201113T0121-ASU-Ashiu,35.29166667,135.6875,2020,11,2020-11-13
20201113T0200-KUM-Otomi-Bottom,35.54166667,135.5625,2020,11,2020-11-13
20201116T0300-UTF-Hamamatsu,34.45833333,137.3125,2020,11,2020-11-16
20201116T0600-NIE-KasumigauwaCenter,36.04166667,140.4375,2020,11,2020-11-16
20201117T0110-KUM-Nagahama,35.45833333,135.3125,2020,11,2020-11-17
20201118T0500-KZG-Kozagawa,33.70833333,135.6875,2020,11,2020-11-18
20201119T0432-AKS-AkkeshiRinkai,43.04166667,144.8125,2020,11,2020-11-19
20201119T0600-SAD-SadoRinkai,38.04166667,138.1875,2020,11,2020-11-19
20201123T2345-FRA-SetonaikaiWest,34.29166667,132.3125,2020,11,2020-11-24
20201124T0115-KUM-Nagahama,35.45833333,135.3125,2020,11,2020-11-24
20201124T0440-SMD-Shimoda,34.625,138.9375,2020,11,2020-11-24
20201125T0114-AKS-AkkeshiRinkai,43.04166667,144.8125,2020,11,2020-11-25
20201125T0130-SZW-Takihama,38.625,141.4375,2020,11,2020-11-25
20201125T0500-KRF-Kasuya,33.625,130.5625,2020,11,2020-11-25
20201125T0500-SMB-SugashimaRinkai,34.45833333,136.9375,2020,11,2020-11-25
20201125T0500-TES-Teshio,45.04166667,142.0625,2020,11,2020-11-25
20201125T2345-TSD-Kamuriki,36.54166667,138.1875,2020,11,2020-11-26
20201127T0100-UMI-UshimadoRinkai,34.625,134.1875,2020,11,2020-11-27
20201129T0440-SMU-EtomoPort,35.54166667,132.9375,2020,11,2020-11-29
20201129T0640-SMU-Mihonoseki,35.54166667,133.3125,2020,11,2020-11-29
20201130T0030-HUA-Chitosegawa1,42.79166667,141.5625,2020,11,2020-11-30
20201130T0155-HUA-Chitosegawa2,42.79166667,141.6875,2020,11,2020-11-30
20201130T0250-HUA-Chitosegawa4,42.875,141.6875,2020,11,2020-11-30
20201130T0355-HUA-Chitosegawa3,42.95833333,141.5625,2020,11,2020-11-30
20201130T0430-HYM-Amanogawa,41.79166667,140.1875,2020,11,2020-11-30
20201130T2343-FRA-SetonaikaiWest,34.29166667,132.3125,2020,12,2020-12-01
20201201T0120-KUM-Nagahama,35.45833333,135.3125,2020,12,2020-12-01
20201204T0400-ARF-Ashoro,43.29166667,143.5625,2020,12,2020-12-04
20201205T0105-AKS-AkkeshiRinkai,43.04166667,144.8125,2020,12,2020-12-05
20201206T0110-RUI-Iriomote,24.45833333,123.8125,2020,12,2020-12-06
20201207T0150-SMD-Shikinejima,34.29166667,139.1875,2020,12,2020-12-07
20201207T0240-SMD-Shikinejima,34.29166667,139.1875,2020,12,2020-12-07
20201208T0110-KUM-Nagahama,35.45833333,135.3125,2020,12,2020-12-08
20201208T0115-AKS-AkkeshiRinkai,43.04166667,144.8125,2020,12,2020-12-08
20201209T0140-SZW-Takihama,38.625,141.4375,2020,12,2020-12-09
20201214T0000-ASU-Ashiu,35.29166667,135.6875,2020,12,2020-12-14
20201215T0120-KUM-Nagahama,35.45833333,135.3125,2020,12,2020-12-15
20201222T0050-KUM-Otomi-Surface,35.54166667,135.5625,2020,12,2020-12-22
20201222T0200-KUM-Otomi-Bottom,35.54166667,135.5625,2020,12,2020-12-22
20201223T0140-SZW-Takihama,38.625,141.4375,2020,12,2020-12-23
20201225T0120-KUM-Nagahama,35.45833333,135.3125,2020,12,2020-12-25
20201228T0110-KUM-Nagahama,35.45833333,135.3125,2020,12,2020-12-28
20210105T0110-KUM-Nagahama,35.45833333,135.3125,2021,1,2021-01-05
20210106T0130-SZW-Takihama,38.625,141.4375,2021,1,2021-01-06
20210107T0745-RUI-Iriomote,24.45833333,123.8125,2021,1,2021-01-07
20210112T0110-KUM-Nagahama,35.45833333,135.3125,2021,1,2021-01-12
20210114T0215-ASU-Ashiu,35.29166667,135.6875,2021,1,2021-01-14
20210119T0115-KUM-Nagahama,35.45833333,135.3125,2021,1,2021-01-19
20210120T0135-SZW-Takihama,38.625,141.4375,2021,1,2021-01-20
20210125T0050-KUM-Otomi-Surface,35.54166667,135.5625,2021,1,2021-01-25
20210125T0130-KUM-Otomi-Bottom,35.54166667,135.5625,2021,1,2021-01-25
20210127T0120-KUM-Nagahama,35.45833333,135.3125,2021,1,2021-01-27
20210202T0110-KUM-Nagahama,35.45833333,135.3125,2021,2,2021-02-02
20210203T0135-SZW-Takihama,38.625,141.4375,2021,2,2021-02-03
20210204T0100-RUI-Iriomote,24.45833333,123.8125,2021,2,2021-02-04
20210209T0110-KUM-Nagahama,35.45833333,135.3125,2021,2,2021-02-09
20210212T0040-KUM-Otomi-Surface,35.54166667,135.5625,2021,2,2021-02-12
20210212T0150-KUM-Otomi-Bottom,35.54166667,135.5625,2021,2,2021-02-12
20210217T0140-SZW-Takihama,38.625,141.4375,2021,2,2021-02-17
20210218T0110-KUM-Nagahama,35.45833333,135.3125,2021,2,2021-02-18
20210224T0110-KUM-Nagahama,35.45833333,135.3125,2021,2,2021-02-24
20210303T0120-KUM-Nagahama,35.45833333,135.3125,2021,3,2021-03-03
20210304T0100-KUM-Otomi-Surface,35.54166667,135.5625,2021,3,2021-03-04
20210304T0210-KUM-Otomi-Bottom,35.54166667,135.5625,2021,3,2021-03-04
20210304T0400-RUI-Iriomote,24.45833333,123.8125,2021,3,2021-03-04
20210309T0110-KUM-Nagahama,35.45833333,135.3125,2021,3,2021-03-09
20210316T0110-KUM-Nagahama,35.45833333,135.3125,2021,3,2021-03-16
20210323T0110-KUM-Nagahama,35.45833333,135.3125,2021,3,2021-03-23
20210330T0120-KUM-Nagahama,35.45833333,135.3125,2021,3,2021-03-30
20200318T0420-HUF-MutsuSekine,41.375,141.1875,2020,3,2020-03-18
20200324T0420-HUF-MutsuSekine,41.375,141.1875,2020,3,2020-03-24
20200416T0135-WAK-Aridagawa,34.04166667,135.5625,2020,4,2020-04-16
20200421T0200-HUF-MutsuSekine,41.375,141.1875,2020,4,2020-04-21
20200421T2336-UTO-OtsuchiBay,39.375,141.9375,2020,4,2020-04-22
20200422T0130-UMI-UshimadoRinkai,34.625,134.1875,2020,4,2020-04-22
20200428T0045-NTK-Kotohiragawa,44.79166667,142.0625,2020,4,2020-04-28
20200507T0020-AMS-Asamushi,40.875,140.8125,2020,5,2020-05-07
20200521T0100-UMI-UshimadoRinkai,34.625,134.1875,2020,5,2020-05-21
20200525T0415-UTO-OtsuchiBay,39.375,141.9375,2020,5,2020-05-25
20200526T0603-HYM-Amanogawa,41.79166667,140.1875,2020,5,2020-05-26
20200527T0500-KRF-Kasuya,33.625,130.5625,2020,5,2020-05-27
20200616T2350-NTK-Kotohiragawa,44.79166667,142.0625,2020,6,2020-06-17
20200622T0100-UMI-UshimadoRinkai,34.625,134.1875,2020,6,2020-06-22
20200623T0530-TMK-Horonaigawa,42.70833333,141.5625,2020,6,2020-06-23
20200630T0200-KRF-Kasuya,33.625,130.5625,2020,6,2020-06-30
20200720T0215-TMK-Horonaigawa,42.70833333,141.5625,2020,7,2020-07-20
20200729T0445-WAK-Aridagawa,34.04166667,135.5625,2020,7,2020-07-29
20200730T0430-KRF-Kasuya,33.625,130.5625,2020,7,2020-07-30
20200817T2340-NTK-Kotohiragawa,44.79166667,142.0625,2020,8,2020-08-18
20200818T0000-TMK-Horonaigawa,42.70833333,141.5625,2020,8,2020-08-18
20200820T0430-HYM-Amanogawa,41.79166667,140.1875,2020,8,2020-08-20
20200903T0030-NML-NotoRinkai,37.29166667,137.1875,2020,9,2020-09-03
20200914T0130-NML-NotoRinkai,37.29166667,137.1875,2020,9,2020-09-14
20201019T0430-HUF-MutsuSekine,41.375,141.1875,2020,10,2020-10-19
20201030T0150-WAK-Aridagawa,34.04166667,135.5625,2020,10,2020-10-30
20201116T0045-NML-NotoRinkai,37.29166667,137.1875,2020,11,2020-11-16
20201117T0225-OKI-OkiRinkai,36.20833333,133.3125,2020,11,2020-11-17
20201117T0400-UTO-OtsuchiBay,39.375,141.9375,2020,11,2020-11-17
20201202T0047-NML-NotoRinkai,37.29166667,137.1875,2020,12,2020-12-02
20201210T0100-NML-NotoRinkai,37.29166667,137.1875,2020,12,2020-12-10
20210721T0620-EWJ-2021-Takenocho,35.625,134.6875,2021,7,2021-07-21
20210722T0800-HUF-Hidaka,42.45833333,142.0625,2021,7,2021-07-22
20210723T0420-HUF-Erimomisaki,41.95833333,143.1875,2021,7,2021-07-23
20210723T0600-HUF-Erimomisaki-Boat,41.95833333,143.3125,2021,7,2021-07-23
20210726T0030-EWJ-2021-Hiraisokaigan,36.375,140.5625,2021,7,2021-07-26
20210728T0710-EWJ-2021-Takamatsu,34.375,134.0625,2021,7,2021-07-28
20210729T0230-KUM-Echizenmisaki,35.95833333,135.9375,2021,7,2021-07-29
20210729T0830-EWJ-2021-MiikePort,33.04166667,130.4375,2021,7,2021-07-29
20210730T0300-EWJ-2021-KotogawaEstuary,33.95833333,131.1875,2021,7,2021-07-30
20210731T0000-EWJ-2021-Naoetsu,37.20833333,138.1875,2021,7,2021-07-31
20210731T0150-EWJ-2021-Oshindenkaigan,33.625,131.1875,2021,7,2021-07-31
20210731T0202-EWJ-2021-NakagusukuBay,26.20833333,127.8125,2021,7,2021-07-31
20210731T0400-EWJ-2021-Oishimisaki,34.29166667,134.9375,2021,7,2021-07-31
20210731T0410-EWJ-2021-Wakaejima1,35.29166667,139.5625,2021,7,2021-07-31
20210731T0510-EWJ-2021-Wakaejima2,35.29166667,139.5625,2021,7,2021-07-31
20210731T0531-EWJ-2021-Katsurahama,33.54166667,133.5625,2021,7,2021-07-31
20210731T2323-EWJ-2021-MiharagawaEstuary,33.04166667,139.8125,2021,8,2021-08-01
20210802T0100-KUM-Kanmurijima-Ohguri,35.70833333,135.4375,2021,8,2021-08-02
20210802T0210-KUM-Kanmurijima-Miyamae,35.70833333,135.4375,2021,8,2021-08-02
20210803T0040-EWJ-2021-Sodegaura,35.45833333,139.9375,2021,8,2021-08-03
20210803T0110-KUM-Nagahama-Surface,35.45833333,135.3125,2021,8,2021-08-03
20210803T0550-EWJ-2021-UbaraRisokyo,35.125,140.3125,2021,8,2021-08-03
20210804T0400-EWJ-2021-Mihonomatsubara,34.95833333,138.5625,2021,8,2021-08-04
20210805T2315-EWJ-2021-GamagoriTakeshima,34.79166667,137.1875,2021,8,2021-08-06
20210807T0900-EWJ-2021-IrakoPort,34.625,137.0625,2021,8,2021-08-07
20210811T0300-EWJ-2021-KataseEnoshima,35.29166667,139.4375,2021,8,2021-08-11
20210812T0100-KUM-Otomi-Surface,35.54166667,135.5625,2021,8,2021-08-12
20210812T0200-KUM-Otomi-Bottom,35.54166667,135.5625,2021,8,2021-08-12
20210813T0600-EWJ-2021-Honioikaigan,43.29166667,145.5625,2021,8,2021-08-13
20210813T2345-EWJ-2021-Detohama,39.875,140.0625,2021,8,2021-08-14
20210814T0110-EWJ-2021-RokkoIsland,34.70833333,135.3125,2021,8,2021-08-14
20210815T0009-EWJ-2021-Sasagawanagare,38.45833333,139.4375,2021,8,2021-08-15
20210818T0025-MNC-Hadenya,38.625,141.4375,2021,8,2021-08-18
20210818T0104-MNC-Kamiwarizaki,38.625,141.5625,2021,8,2021-08-18
20210818T0224-MNC-Sodehama,38.70833333,141.4375,2021,8,2021-08-18
20210818T0308-MNC-Niranohama,38.70833333,141.5625,2021,8,2021-08-18
20210818T0408-MNC-Tomarihama,38.70833333,141.5625,2021,8,2021-08-18
20210819T0648-EWJ-2021-SakaigawaEstuary,35.625,139.9375,2021,8,2021-08-19
20210819T0740-MNC-MiyakoTakonohama,39.625,141.9375,2021,8,2021-08-19
20210819T0820-EWJ-2021-ShikinejimaPort,34.29166667,139.1875,2021,8,2021-08-19
20210820T0134-EWJ-2021-KamogawaEstuary,33.54166667,130.0625,2021,8,2021-08-20
20210821T0120-EWJ-2021-WakasuPark,35.625,139.8125,2021,8,2021-08-21
20210822T0205-EWJ-2021-Omotehama,38.29166667,141.0625,2021,8,2021-08-22
20210822T0800-EWJ-2021-Ichinomiyakaigan,35.375,140.4375,2021,8,2021-08-22
20210823T0130-KUM-MarineHighSchool,35.54166667,135.1875,2021,8,2021-08-23
20210824T0510-EWJ-2021-SaiVillage,41.375,140.8125,2021,8,2021-08-24
20210826T0030-EWJ-2021-Kannonzaki,35.29166667,139.6875,2021,8,2021-08-26
20210826T0100-EWJ-2021-SuzukagawaEstuary,34.95833333,136.6875,2021,8,2021-08-26
20210827T0300-EWJ-2021-Zushikaigan,33.95833333,131.8125,2021,8,2021-08-27
20210828T0410-EWJ-2021-YamashitaPark,35.45833333,139.6875,2021,8,2021-08-28
20210828T2226-EWJ-2021-Katakai,35.54166667,140.4375,2021,8,2021-08-29
20210831T0110-KUM-Nagahama-Surface,35.45833333,135.3125,2021,8,2021-08-31
20210831T0400-EWJ-2021-Takegashima,33.54166667,134.3125,2021,8,2021-08-31
20210901T0105-EWJ-2021-Mitsuishikaigan,35.125,139.1875,2021,9,2021-09-01
20210904T2230-EWJ-2021-Sumakaigan,34.625,135.0625,2021,9,2021-09-05
20210905T0010-EWJ-2021-OuraBay,26.54166667,128.0625,2021,9,2021-09-05
20210905T0230-EWJ-2021-AjiroOnsenBeach,35.04166667,139.0625,2021,9,2021-09-05
20210905T0240-EWJ-2021-SakoshiBay,34.79166667,134.4375,2021,9,2021-09-05
20210905T0413-EWJ-2021-UminoKoen,35.375,139.6875,2021,9,2021-09-05
20210905T0705-MNC-IshinomakiKotakehama,38.375,141.4375,2021,9,2021-09-05
20210626T0700-NPY-2021-PirikaMosiriMaru-St1,27.70833333,146.0625,2021,6,2021-06-26
20210803T0430-NPY-2021-PirikaMosiriMaru-St4,36.20833333,143.8125,2021,8,2021-08-03
20210922T0300-NPY-2021-PirikaMosiriMaru-St7,17.45833333,148.6875,2021,9,2021-09-22
20210925T0300-NPY-2021-PirikaMosiriMaru-St8,31.125,145.0625,2021,9,2021-09-25
